Code Domaine,Domaine,Code zone (M49),Zone,Code Élément,Élément,Code Produit,Produit,Code année,Année,Unité,Valeur,Symbole,Description du Symbole,Note
"MK","Indicateurs macro","004","Afghanistan","6110","Valeur US$","22008","Produit Intérieur Brut","2017","2017","Millions d’USD","19034.30282","X","Chiffre de source externe",""
"MK","Indicateurs macro","004","Afghanistan","6119","Valeur US$ par habitant","22008","Produit Intérieur Brut","2017","2017","USD","533.339061","X","Chiffre de source externe",""
"MK","Indicateurs macro","710","Afrique du Sud","6110","Valeur US$","22008","Produit Intérieur Brut","2017","2017","Millions d’USD","381136.716379","X","Chiffre de source externe",""
"MK","Indicateurs macro","710","Afrique du Sud","6119","Valeur US$ par habitant","22008","Produit Intérieur Brut","2017","2017","USD","6612.920015","X","Chiffre de source externe",""
"MK","Indicateurs macro","008","Albanie","6110","Valeur US$","22008","Produit Intérieur Brut","2017","2017","Millions d’USD","13019.731318","X","Chiffre de source externe",""
"MK","Indicateurs macro","008","Albanie","6119","Valeur US$ par habitant","22008","Produit Intérieur Brut","2017","2017","USD","4492.285003","X","Chiffre de source externe",""
"MK","Indicateurs macro","012","Algérie","6110","Valeur US$","22008","Produit Intérieur Brut","2017","2017","Millions d’USD","170096.987241","X","Chiffre de source externe",""
"MK","Indicateurs macro","012","Algérie","6119","Valeur US$ par habitant","22008","Produit Intérieur Brut","2017","2017","USD","4080.111475","X","Chiffre de source externe",""
"MK","Indicateurs macro","276","Allemagne","6110","Valeur US$","22008","Produit Intérieur Brut","2017","2017","Millions d’USD","3763092.263753","X","Chiffre de source externe",""
"MK","Indicateurs macro","276","Allemagne","6119","Valeur US$ par habitant","22008","Produit Intérieur Brut","2017","2017","USD","45281.718651","X","Chiffre de source externe",""
"MK","Indicateurs macro","020","Andorre","6110","Valeur US$","22008","Produit Intérieur Brut","2017","2017","Millions d’USD","3000.160225","X","Chiffre de source externe",""
"MK","Indicateurs macro","020","Andorre","6119","Valeur US$ par habitant","22008","Produit Intérieur Brut","2017","2017","USD","40673.244876","X","Chiffre de source externe",""
"MK","Indicateurs macro","024","Angola","6110","Valeur US$","22008","Produit Intérieur Brut","2017","2017","Millions d’USD","122123.857987","X","Chiffre de source externe",""
"MK","Indicateurs macro","024","Angola","6119","Valeur US$ par habitant","22008","Produit Intérieur Brut","2017","2017","USD","4039.176725","X","Chiffre de source externe",""
"MK","Indicateurs macro","660","Anguilla","6110","Valeur US$","22008","Produit Intérieur Brut","2017","2017","Millions d’USD","278.885513","X","Chiffre de source externe",""
"MK","Indicateurs macro","660","Anguilla","6119","Valeur US$ par habitant","22008","Produit Intérieur Brut","2017","2017","USD","19333.484408","X","Chiffre de source externe",""
"MK","Indicateurs macro","028","Antigua-et-Barbuda","6110","Valeur US$","22008","Produit Intérieur Brut","2017","2017","Millions d’USD","1531.111111","X","Chiffre de source externe",""
"MK","Indicateurs macro","028","Antigua-et-Barbuda","6119","Valeur US$ par habitant","22008","Produit Intérieur Brut","2017","2017","USD","16924.339116","X","Chiffre de source externe",""
"MK","Indicateurs macro","682","Arabie saoudite","6110","Valeur US$","22008","Produit Intérieur Brut","2017","2017","Millions d’USD","714994.694992","X","Chiffre de source externe",""
"MK","Indicateurs macro","682","Arabie saoudite","6119","Valeur US$ par habitant","22008","Produit Intérieur Brut","2017","2017","USD","23227.384757","X","Chiffre de source externe",""
"MK","Indicateurs macro","032","Argentine","6110","Valeur US$","22008","Produit Intérieur Brut","2017","2017","Millions d’USD","643628.396191","X","Chiffre de source externe",""
"MK","Indicateurs macro","032","Argentine","6119","Valeur US$ par habitant","22008","Produit Intérieur Brut","2017","2017","USD","14532.500997","X","Chiffre de source externe",""
"MK","Indicateurs macro","051","Arménie","6110","Valeur US$","22008","Produit Intérieur Brut","2017","2017","Millions d’USD","11527.458713","X","Chiffre de source externe",""
"MK","Indicateurs macro","051","Arménie","6119","Valeur US$ par habitant","22008","Produit Intérieur Brut","2017","2017","USD","3954.580808","X","Chiffre de source externe",""
"MK","Indicateurs macro","533","Aruba","6110","Valeur US$","22008","Produit Intérieur Brut","2017","2017","Millions d’USD","3092.430168","X","Chiffre de source externe",""
"MK","Indicateurs macro","533","Aruba","6119","Valeur US$ par habitant","22008","Produit Intérieur Brut","2017","2017","USD","29248.231755","X","Chiffre de source externe",""
"MK","Indicateurs macro","036","Australie","6110","Valeur US$","22008","Produit Intérieur Brut","2017","2017","Millions d’USD","1411790.455926","X","Chiffre de source externe",""
"MK","Indicateurs macro","036","Australie","6119","Valeur US$ par habitant","22008","Produit Intérieur Brut","2017","2017","USD","57085.773245","X","Chiffre de source externe",""
"MK","Indicateurs macro","040","Autriche","6110","Valeur US$","22008","Produit Intérieur Brut","2017","2017","Millions d’USD","414926.138133","X","Chiffre de source externe",""
"MK","Indicateurs macro","040","Autriche","6119","Valeur US$ par habitant","22008","Produit Intérieur Brut","2017","2017","USD","47157.248621","X","Chiffre de source externe",""
"MK","Indicateurs macro","031","Azerbaïdjan","6110","Valeur US$","22008","Produit Intérieur Brut","2017","2017","Millions d’USD","40866.632048","X","Chiffre de source externe",""
"MK","Indicateurs macro","031","Azerbaïdjan","6119","Valeur US$ par habitant","22008","Produit Intérieur Brut","2017","2017","USD","4099.572965","X","Chiffre de source externe",""
"MK","Indicateurs macro","044","Bahamas","6110","Valeur US$","22008","Produit Intérieur Brut","2017","2017","Millions d’USD","12236.679359","X","Chiffre de source externe",""
"MK","Indicateurs macro","044","Bahamas","6119","Valeur US$ par habitant","22008","Produit Intérieur Brut","2017","2017","USD","31337.130387","X","Chiffre de source externe",""
"MK","Indicateurs macro","048","Bahreïn","6110","Valeur US$","22008","Produit Intérieur Brut","2017","2017","Millions d’USD","35473.670213","X","Chiffre de source externe",""
"MK","Indicateurs macro","048","Bahreïn","6119","Valeur US$ par habitant","22008","Produit Intérieur Brut","2017","2017","USD","23936.430428","X","Chiffre de source externe",""
"MK","Indicateurs macro","050","Bangladesh","6110","Valeur US$","22008","Produit Intérieur Brut","2017","2017","Millions d’USD","288958.017599","X","Chiffre de source externe",""
"MK","Indicateurs macro","050","Bangladesh","6119","Valeur US$ par habitant","22008","Produit Intérieur Brut","2017","2017","USD","1781.644264","X","Chiffre de source externe",""
"MK","Indicateurs macro","052","Barbade","6110","Valeur US$","22008","Produit Intérieur Brut","2017","2017","Millions d’USD","5517.34045","X","Chiffre de source externe",""
"MK","Indicateurs macro","052","Barbade","6119","Valeur US$ par habitant","22008","Produit Intérieur Brut","2017","2017","USD","19692.760671","X","Chiffre de source externe",""
"MK","Indicateurs macro","112","Bélarus","6110","Valeur US$","22008","Produit Intérieur Brut","2017","2017","Millions d’USD","54725.415191","X","Chiffre de source externe",""
"MK","Indicateurs macro","112","Bélarus","6119","Valeur US$ par habitant","22008","Produit Intérieur Brut","2017","2017","USD","5763.124298","X","Chiffre de source externe",""
"MK","Indicateurs macro","056","Belgique","6110","Valeur US$","22008","Produit Intérieur Brut","2017","2017","Millions d’USD","500908.767352","X","Chiffre de source externe",""
"MK","Indicateurs macro","056","Belgique","6119","Valeur US$ par habitant","22008","Produit Intérieur Brut","2017","2017","USD","44029.817866","X","Chiffre de source externe",""
"MK","Indicateurs macro","084","Belize","6110","Valeur US$","22008","Produit Intérieur Brut","2017","2017","Millions d’USD","2281.258834","X","Chiffre de source externe",""
"MK","Indicateurs macro","084","Belize","6119","Valeur US$ par habitant","22008","Produit Intérieur Brut","2017","2017","USD","6112.67327","X","Chiffre de source externe",""
"MK","Indicateurs macro","204","Bénin","6110","Valeur US$","22008","Produit Intérieur Brut","2017","2017","Millions d’USD","12701.655846","X","Chiffre de source externe",""
"MK","Indicateurs macro","204","Bénin","6119","Valeur US$ par habitant","22008","Produit Intérieur Brut","2017","2017","USD","1054.974081","X","Chiffre de source externe",""
"MK","Indicateurs macro","060","Bermudes","6110","Valeur US$","22008","Produit Intérieur Brut","2017","2017","Millions d’USD","7119.542274","X","Chiffre de source externe",""
"MK","Indicateurs macro","060","Bermudes","6119","Valeur US$ par habitant","22008","Produit Intérieur Brut","2017","2017","USD","111980.343575","X","Chiffre de source externe",""
"MK","Indicateurs macro","064","Bhoutan","6110","Valeur US$","22008","Produit Intérieur Brut","2017","2017","Millions d’USD","2591.358024","X","Chiffre de source externe",""
"MK","Indicateurs macro","064","Bhoutan","6119","Valeur US$ par habitant","22008","Produit Intérieur Brut","2017","2017","USD","3435.290344","X","Chiffre de source externe",""
"MK","Indicateurs macro","068","Bolivie (État plurinational de)","6110","Valeur US$","22008","Produit Intérieur Brut","2017","2017","Millions d’USD","37508.683068","X","Chiffre de source externe",""
"MK","Indicateurs macro","068","Bolivie (État plurinational de)","6119","Valeur US$ par habitant","22008","Produit Intérieur Brut","2017","2017","USD","3306.306472","X","Chiffre de source externe",""
"MK","Indicateurs macro","070","Bosnie-Herzégovine","6110","Valeur US$","22008","Produit Intérieur Brut","2017","2017","Millions d’USD","18326.376359","X","Chiffre de source externe",""
"MK","Indicateurs macro","070","Bosnie-Herzégovine","6119","Valeur US$ par habitant","22008","Produit Intérieur Brut","2017","2017","USD","5345.019948","X","Chiffre de source externe",""
"MK","Indicateurs macro","072","Botswana","6110","Valeur US$","22008","Produit Intérieur Brut","2017","2017","Millions d’USD","16105.179232","X","Chiffre de source externe",""
"MK","Indicateurs macro","072","Botswana","6119","Valeur US$ par habitant","22008","Produit Intérieur Brut","2017","2017","USD","7104.974323","X","Chiffre de source externe",""
"MK","Indicateurs macro","076","Brésil","6110","Valeur US$","22008","Produit Intérieur Brut","2017","2017","Millions d’USD","2063514.688806","X","Chiffre de source externe",""
"MK","Indicateurs macro","076","Brésil","6119","Valeur US$ par habitant","22008","Produit Intérieur Brut","2017","2017","USD","10080.507872","X","Chiffre de source externe",""
"MK","Indicateurs macro","096","Brunéi Darussalam","6110","Valeur US$","22008","Produit Intérieur Brut","2017","2017","Millions d’USD","12128.166606","X","Chiffre de source externe",""
"MK","Indicateurs macro","096","Brunéi Darussalam","6119","Valeur US$ par habitant","22008","Produit Intérieur Brut","2017","2017","USD","28024.379132","X","Chiffre de source externe",""
"MK","Indicateurs macro","100","Bulgarie","6110","Valeur US$","22008","Produit Intérieur Brut","2017","2017","Millions d’USD","59167.636023","X","Chiffre de source externe",""
"MK","Indicateurs macro","100","Bulgarie","6119","Valeur US$ par habitant","22008","Produit Intérieur Brut","2017","2017","USD","8362.165635","X","Chiffre de source externe",""
"MK","Indicateurs macro","854","Burkina Faso","6110","Valeur US$","22008","Produit Intérieur Brut","2017","2017","Millions d’USD","14106.955625","X","Chiffre de source externe",""
"MK","Indicateurs macro","854","Burkina Faso","6119","Valeur US$ par habitant","22008","Produit Intérieur Brut","2017","2017","USD","709.091536","X","Chiffre de source externe",""
"MK","Indicateurs macro","108","Burundi","6110","Valeur US$","22008","Produit Intérieur Brut","2017","2017","Millions d’USD","3297.826848","X","Chiffre de source externe",""
"MK","Indicateurs macro","108","Burundi","6119","Valeur US$ par habitant","22008","Produit Intérieur Brut","2017","2017","USD","286.599032","X","Chiffre de source externe",""
"MK","Indicateurs macro","132","Cabo Verde","6110","Valeur US$","22008","Produit Intérieur Brut","2017","2017","Millions d’USD","1996.741545","X","Chiffre de source externe",""
"MK","Indicateurs macro","132","Cabo Verde","6119","Valeur US$ par habitant","22008","Produit Intérieur Brut","2017","2017","USD","3893.095723","X","Chiffre de source externe",""
"MK","Indicateurs macro","116","Cambodge","6110","Valeur US$","22008","Produit Intérieur Brut","2017","2017","Millions d’USD","29082.920414","X","Chiffre de source externe",""
"MK","Indicateurs macro","116","Cambodge","6119","Valeur US$ par habitant","22008","Produit Intérieur Brut","2017","2017","USD","1809.385082","X","Chiffre de source externe",""
"MK","Indicateurs macro","120","Cameroun","6110","Valeur US$","22008","Produit Intérieur Brut","2017","2017","Millions d’USD","36098.547059","X","Chiffre de source externe",""
"MK","Indicateurs macro","120","Cameroun","6119","Valeur US$ par habitant","22008","Produit Intérieur Brut","2017","2017","USD","1496.089519","X","Chiffre de source externe",""
"MK","Indicateurs macro","124","Canada","6110","Valeur US$","22008","Produit Intérieur Brut","2017","2017","Millions d’USD","1649265.644244","X","Chiffre de source externe",""
"MK","Indicateurs macro","124","Canada","6119","Valeur US$ par habitant","22008","Produit Intérieur Brut","2017","2017","USD","44806.6561","X","Chiffre de source externe",""
"MK","Indicateurs macro","152","Chili","6110","Valeur US$","22008","Produit Intérieur Brut","2017","2017","Millions d’USD","276364.936832","X","Chiffre de source externe",""
"MK","Indicateurs macro","152","Chili","6119","Valeur US$ par habitant","22008","Produit Intérieur Brut","2017","2017","USD","14891.26084","X","Chiffre de source externe",""
"MK","Indicateurs macro","344","Chine - RAS de Hong-Kong","6110","Valeur US$","22008","Produit Intérieur Brut","2017","2017","Millions d’USD","341271.09999","X","Chiffre de source externe",""
"MK","Indicateurs macro","344","Chine - RAS de Hong-Kong","6119","Valeur US$ par habitant","22008","Produit Intérieur Brut","2017","2017","USD","45839.633793","X","Chiffre de source externe",""
"MK","Indicateurs macro","446","Chine - RAS de Macao","6110","Valeur US$","22008","Produit Intérieur Brut","2017","2017","Millions d’USD","50383.871121","X","Chiffre de source externe",""
"MK","Indicateurs macro","446","Chine - RAS de Macao","6119","Valeur US$ par habitant","22008","Produit Intérieur Brut","2017","2017","USD","77926.719435","X","Chiffre de source externe",""
"MK","Indicateurs macro","156","Chine, continentale","6110","Valeur US$","22008","Produit Intérieur Brut","2017","2017","Millions d’USD","12310490.458252","X","Chiffre de source externe",""
"MK","Indicateurs macro","156","Chine, continentale","6119","Valeur US$ par habitant","22008","Produit Intérieur Brut","2017","2017","USD","8716.287929","X","Chiffre de source externe",""
"MK","Indicateurs macro","196","Chypre","6110","Valeur US$","22008","Produit Intérieur Brut","2017","2017","Millions d’USD","22946.535929","X","Chiffre de source externe",""
"MK","Indicateurs macro","196","Chypre","6119","Valeur US$ par habitant","22008","Produit Intérieur Brut","2017","2017","USD","18294.65371","X","Chiffre de source externe",""
"MK","Indicateurs macro","170","Colombie","6110","Valeur US$","22008","Produit Intérieur Brut","2017","2017","Millions d’USD","311866.875136","X","Chiffre de source externe",""
"MK","Indicateurs macro","170","Colombie","6119","Valeur US$ par habitant","22008","Produit Intérieur Brut","2017","2017","USD","6479.532312","X","Chiffre de source externe",""
"MK","Indicateurs macro","174","Comores","6110","Valeur US$","22008","Produit Intérieur Brut","2017","2017","Millions d’USD","1077.439756","X","Chiffre de source externe",""
"MK","Indicateurs macro","174","Comores","6119","Valeur US$ par habitant","22008","Produit Intérieur Brut","2017","2017","USD","1423.923861","X","Chiffre de source externe",""
"MK","Indicateurs macro","178","Congo","6110","Valeur US$","22008","Produit Intérieur Brut","2017","2017","Millions d’USD","11834.473048","X","Chiffre de source externe",""
"MK","Indicateurs macro","178","Congo","6119","Valeur US$ par habitant","22008","Produit Intérieur Brut","2017","2017","USD","2211.6331","X","Chiffre de source externe",""
"MK","Indicateurs macro","188","Costa Rica","6110","Valeur US$","22008","Produit Intérieur Brut","2017","2017","Millions d’USD","60516.044623","X","Chiffre de source externe",""
"MK","Indicateurs macro","188","Costa Rica","6119","Valeur US$ par habitant","22008","Produit Intérieur Brut","2017","2017","USD","12317.09027","X","Chiffre de source externe",""
"MK","Indicateurs macro","384","Côte d'Ivoire","6110","Valeur US$","22008","Produit Intérieur Brut","2017","2017","Millions d’USD","52512.344034","X","Chiffre de source externe",""
"MK","Indicateurs macro","384","Côte d'Ivoire","6119","Valeur US$ par habitant","22008","Produit Intérieur Brut","2017","2017","USD","1964.299342","X","Chiffre de source externe",""
"MK","Indicateurs macro","191","Croatie","6110","Valeur US$","22008","Produit Intérieur Brut","2017","2017","Millions d’USD","56573.333483","X","Chiffre de source externe",""
"MK","Indicateurs macro","191","Croatie","6119","Valeur US$ par habitant","22008","Produit Intérieur Brut","2017","2017","USD","13868.732468","X","Chiffre de source externe",""
"MK","Indicateurs macro","192","Cuba","6110","Valeur US$","22008","Produit Intérieur Brut","2017","2017","Millions d’USD","96851","X","Chiffre de source externe",""
"MK","Indicateurs macro","192","Cuba","6119","Valeur US$ par habitant","22008","Produit Intérieur Brut","2017","2017","USD","8610.63944","X","Chiffre de source externe",""
"MK","Indicateurs macro","531","Curaçao","6110","Valeur US$","22008","Produit Intérieur Brut","2017","2017","Millions d’USD","3033.433248","X","Chiffre de source externe",""
"MK","Indicateurs macro","531","Curaçao","6119","Valeur US$ par habitant","22008","Produit Intérieur Brut","2017","2017","USD","18000.861924","X","Chiffre de source externe",""
"MK","Indicateurs macro","208","Danemark","6110","Valeur US$","22008","Produit Intérieur Brut","2017","2017","Millions d’USD","331610.593962","X","Chiffre de source externe",""
"MK","Indicateurs macro","208","Danemark","6119","Valeur US$ par habitant","22008","Produit Intérieur Brut","2017","2017","USD","57519.675743","X","Chiffre de source externe",""
"MK","Indicateurs macro","262","Djibouti","6110","Valeur US$","22008","Produit Intérieur Brut","2017","2017","Millions d’USD","2762.582925","X","Chiffre de source externe",""
"MK","Indicateurs macro","262","Djibouti","6119","Valeur US$ par habitant","22008","Produit Intérieur Brut","2017","2017","USD","2618.957961","X","Chiffre de source externe",""
"MK","Indicateurs macro","212","Dominique","6110","Valeur US$","22008","Produit Intérieur Brut","2017","2017","Millions d’USD","520.7","X","Chiffre de source externe",""
"MK","Indicateurs macro","212","Dominique","6119","Valeur US$ par habitant","22008","Produit Intérieur Brut","2017","2017","USD","7601.84827","X","Chiffre de source externe",""
"MK","Indicateurs macro","818","Égypte","6110","Valeur US$","22008","Produit Intérieur Brut","2017","2017","Millions d’USD","205589.37774","X","Chiffre de source externe",""
"MK","Indicateurs macro","818","Égypte","6119","Valeur US$ par habitant","22008","Produit Intérieur Brut","2017","2017","USD","1982.61518","X","Chiffre de source externe",""
"MK","Indicateurs macro","222","El Salvador","6110","Valeur US$","22008","Produit Intérieur Brut","2017","2017","Millions d’USD","24979.19","X","Chiffre de source externe",""
"MK","Indicateurs macro","222","El Salvador","6119","Valeur US$ par habitant","22008","Produit Intérieur Brut","2017","2017","USD","4020.12639","X","Chiffre de source externe",""
"MK","Indicateurs macro","784","Émirats arabes unis","6110","Valeur US$","22008","Produit Intérieur Brut","2017","2017","Millions d’USD","390516.804017","X","Chiffre de source externe",""
"MK","Indicateurs macro","784","Émirats arabes unis","6119","Valeur US$ par habitant","22008","Produit Intérieur Brut","2017","2017","USD","42289.687599","X","Chiffre de source externe",""
"MK","Indicateurs macro","218","Équateur","6110","Valeur US$","22008","Produit Intérieur Brut","2017","2017","Millions d’USD","104467.485714","X","Chiffre de source externe",""
"MK","Indicateurs macro","218","Équateur","6119","Valeur US$ par habitant","22008","Produit Intérieur Brut","2017","2017","USD","6233.322245","X","Chiffre de source externe",""
"MK","Indicateurs macro","232","Érythrée","6110","Valeur US$","22008","Produit Intérieur Brut","2017","2017","Millions d’USD","1903.966833","X","Chiffre de source externe",""
"MK","Indicateurs macro","232","Érythrée","6119","Valeur US$ par habitant","22008","Produit Intérieur Brut","2017","2017","USD","604.367339","X","Chiffre de source externe",""
"MK","Indicateurs macro","724","Espagne","6110","Valeur US$","22008","Produit Intérieur Brut","2017","2017","Millions d’USD","1321754.088819","X","Chiffre de source externe",""
"MK","Indicateurs macro","724","Espagne","6119","Valeur US$ par habitant","22008","Produit Intérieur Brut","2017","2017","USD","28201.273683","X","Chiffre de source externe",""
"MK","Indicateurs macro","233","Estonie","6110","Valeur US$","22008","Produit Intérieur Brut","2017","2017","Millions d’USD","27469.461919","X","Chiffre de source externe",""
"MK","Indicateurs macro","233","Estonie","6119","Valeur US$ par habitant","22008","Produit Intérieur Brut","2017","2017","USD","20850.881336","X","Chiffre de source externe",""
"MK","Indicateurs macro","748","Eswatini","6110","Valeur US$","22008","Produit Intérieur Brut","2017","2017","Millions d’USD","4404.819328","X","Chiffre de source externe",""
"MK","Indicateurs macro","748","Eswatini","6119","Valeur US$ par habitant","22008","Produit Intérieur Brut","2017","2017","USD","3803.177556","X","Chiffre de source externe",""
"MK","Indicateurs macro","840","États-Unis d'Amérique","6110","Valeur US$","22008","Produit Intérieur Brut","2017","2017","Millions d’USD","19612102","X","Chiffre de source externe",""
"MK","Indicateurs macro","840","États-Unis d'Amérique","6119","Valeur US$ par habitant","22008","Produit Intérieur Brut","2017","2017","USD","59036.203856","X","Chiffre de source externe",""
"MK","Indicateurs macro","231","Éthiopie","6110","Valeur US$","22008","Produit Intérieur Brut","2017","2017","Millions d’USD","76794.68609","X","Chiffre de source externe",""
"MK","Indicateurs macro","231","Éthiopie","6119","Valeur US$ par habitant","22008","Produit Intérieur Brut","2017","2017","USD","700.256682","X","Chiffre de source externe",""
"MK","Indicateurs macro","643","Fédération de Russie","6110","Valeur US$","22008","Produit Intérieur Brut","2017","2017","Millions d’USD","1574199.355093","X","Chiffre de source externe",""
"MK","Indicateurs macro","643","Fédération de Russie","6119","Valeur US$ par habitant","22008","Produit Intérieur Brut","2017","2017","USD","10768.409773","X","Chiffre de source externe",""
"MK","Indicateurs macro","242","Fidji","6110","Valeur US$","22008","Produit Intérieur Brut","2017","2017","Millions d’USD","5353.468384","X","Chiffre de source externe",""
"MK","Indicateurs macro","242","Fidji","6119","Valeur US$ par habitant","22008","Produit Intérieur Brut","2017","2017","USD","5826.850455","X","Chiffre de source externe",""
"MK","Indicateurs macro","246","Finlande","6110","Valeur US$","22008","Produit Intérieur Brut","2017","2017","Millions d’USD","253846.13844","X","Chiffre de source externe",""
"MK","Indicateurs macro","246","Finlande","6119","Valeur US$ par habitant","22008","Produit Intérieur Brut","2017","2017","USD","46083.494803","X","Chiffre de source externe",""
"MK","Indicateurs macro","250","France","6110","Valeur US$","22008","Produit Intérieur Brut","2017","2017","Millions d’USD","2588868.323335","X","Chiffre de source externe",""
"MK","Indicateurs macro","250","France","6119","Valeur US$ par habitant","22008","Produit Intérieur Brut","2017","2017","USD","39655.008134","X","Chiffre de source externe",""
"MK","Indicateurs macro","266","Gabon","6110","Valeur US$","22008","Produit Intérieur Brut","2017","2017","Millions d’USD","14929.646484","X","Chiffre de source externe",""
"MK","Indicateurs macro","266","Gabon","6119","Valeur US$ par habitant","22008","Produit Intérieur Brut","2017","2017","USD","6921.807448","X","Chiffre de source externe",""
"MK","Indicateurs macro","270","Gambie","6110","Valeur US$","22008","Produit Intérieur Brut","2017","2017","Millions d’USD","1504.909701","X","Chiffre de source externe",""
"MK","Indicateurs macro","270","Gambie","6119","Valeur US$ par habitant","22008","Produit Intérieur Brut","2017","2017","USD","642.522743","X","Chiffre de source externe",""
"MK","Indicateurs macro","268","Géorgie","6110","Valeur US$","22008","Produit Intérieur Brut","2017","2017","Millions d’USD","16473.034642","X","Chiffre de source externe",""
"MK","Indicateurs macro","268","Géorgie","6119","Valeur US$ par habitant","22008","Produit Intérieur Brut","2017","2017","USD","4343.170849","X","Chiffre de source externe",""
"MK","Indicateurs macro","288","Ghana","6110","Valeur US$","22008","Produit Intérieur Brut","2017","2017","Millions d’USD","60405.920079","X","Chiffre de source externe",""
"MK","Indicateurs macro","288","Ghana","6119","Valeur US$ par habitant","22008","Produit Intérieur Brut","2017","2017","USD","2012.970124","X","Chiffre de source externe",""
"MK","Indicateurs macro","300","Grèce","6110","Valeur US$","22008","Produit Intérieur Brut","2017","2017","Millions d’USD","200381.103984","X","Chiffre de source externe",""
"MK","Indicateurs macro","300","Grèce","6119","Valeur US$ par habitant","22008","Produit Intérieur Brut","2017","2017","USD","18633.977751","X","Chiffre de source externe",""
"MK","Indicateurs macro","308","Grenade","6110","Valeur US$","22008","Produit Intérieur Brut","2017","2017","Millions d’USD","1125.685977","X","Chiffre de source externe",""
"MK","Indicateurs macro","308","Grenade","6119","Valeur US$ par habitant","22008","Produit Intérieur Brut","2017","2017","USD","9751.433468","X","Chiffre de source externe",""
"MK","Indicateurs macro","304","Groenland","6110","Valeur US$","22008","Produit Intérieur Brut","2017","2017","Millions d’USD","2851.613478","X","Chiffre de source externe",""
"MK","Indicateurs macro","304","Groenland","6119","Valeur US$ par habitant","22008","Produit Intérieur Brut","2017","2017","USD","50857.189598","X","Chiffre de source externe",""
"MK","Indicateurs macro","320","Guatemala","6110","Valeur US$","22008","Produit Intérieur Brut","2017","2017","Millions d’USD","71653.756545","X","Chiffre de source externe",""
"MK","Indicateurs macro","320","Guatemala","6119","Valeur US$ par habitant","22008","Produit Intérieur Brut","2017","2017","USD","4324.996229","X","Chiffre de source externe",""
"MK","Indicateurs macro","324","Guinée","6110","Valeur US$","22008","Produit Intérieur Brut","2017","2017","Millions d’USD","10324.668271","X","Chiffre de source externe",""
"MK","Indicateurs macro","324","Guinée","6119","Valeur US$ par habitant","22008","Produit Intérieur Brut","2017","2017","USD","833.598622","X","Chiffre de source externe",""
"MK","Indicateurs macro","226","Guinée équatoriale","6110","Valeur US$","22008","Produit Intérieur Brut","2017","2017","Millions d’USD","12200.908721","X","Chiffre de source externe",""
"MK","Indicateurs macro","226","Guinée équatoriale","6119","Valeur US$ par habitant","22008","Produit Intérieur Brut","2017","2017","USD","7809.103854","X","Chiffre de source externe",""
"MK","Indicateurs macro","624","Guinée-Bissau","6110","Valeur US$","22008","Produit Intérieur Brut","2017","2017","Millions d’USD","1350.177012","X","Chiffre de source externe",""
"MK","Indicateurs macro","624","Guinée-Bissau","6119","Valeur US$ par habitant","22008","Produit Intérieur Brut","2017","2017","USD","719.299724","X","Chiffre de source externe",""
"MK","Indicateurs macro","328","Guyana","6110","Valeur US$","22008","Produit Intérieur Brut","2017","2017","Millions d’USD","4748.174334","X","Chiffre de source externe",""
"MK","Indicateurs macro","328","Guyana","6119","Valeur US$ par habitant","22008","Produit Intérieur Brut","2017","2017","USD","6178.669064","X","Chiffre de source externe",""
"MK","Indicateurs macro","332","Haïti","6110","Valeur US$","22008","Produit Intérieur Brut","2017","2017","Millions d’USD","15268.138017","X","Chiffre de source externe",""
"MK","Indicateurs macro","332","Haïti","6119","Valeur US$ par habitant","22008","Produit Intérieur Brut","2017","2017","USD","1411.396304","X","Chiffre de source externe",""
"MK","Indicateurs macro","340","Honduras","6110","Valeur US$","22008","Produit Intérieur Brut","2017","2017","Millions d’USD","23136.248046","X","Chiffre de source externe",""
"MK","Indicateurs macro","340","Honduras","6119","Valeur US$ par habitant","22008","Produit Intérieur Brut","2017","2017","USD","2413.007788","X","Chiffre de source externe",""
"MK","Indicateurs macro","348","Hongrie","6110","Valeur US$","22008","Produit Intérieur Brut","2017","2017","Millions d’USD","143335.098992","X","Chiffre de source externe",""
"MK","Indicateurs macro","348","Hongrie","6119","Valeur US$ par habitant","22008","Produit Intérieur Brut","2017","2017","USD","14647.546709","X","Chiffre de source externe",""
"MK","Indicateurs macro","136","Îles Caïmanes","6110","Valeur US$","22008","Produit Intérieur Brut","2017","2017","Millions d’USD","5166.281305","X","Chiffre de source externe",""
"MK","Indicateurs macro","136","Îles Caïmanes","6119","Valeur US$ par habitant","22008","Produit Intérieur Brut","2017","2017","USD","80053.324219","X","Chiffre de source externe",""
"MK","Indicateurs macro","184","Îles Cook","6110","Valeur US$","22008","Produit Intérieur Brut","2017","2017","Millions d’USD","345.609009","X","Chiffre de source externe",""
"MK","Indicateurs macro","184","Îles Cook","6119","Valeur US$ par habitant","22008","Produit Intérieur Brut","2017","2017","USD","20273.890389","X","Chiffre de source externe",""
"MK","Indicateurs macro","584","Îles Marshall","6110","Valeur US$","22008","Produit Intérieur Brut","2017","2017","Millions d’USD","212.701248","X","Chiffre de source externe",""
"MK","Indicateurs macro","584","Îles Marshall","6119","Valeur US$ par habitant","22008","Produit Intérieur Brut","2017","2017","USD","4571.369426","X","Chiffre de source externe",""
"MK","Indicateurs macro","090","Îles Salomon","6110","Valeur US$","22008","Produit Intérieur Brut","2017","2017","Millions d’USD","1469.790453","X","Chiffre de source externe",""
"MK","Indicateurs macro","090","Îles Salomon","6119","Valeur US$ par habitant","22008","Produit Intérieur Brut","2017","2017","USD","2143.578161","X","Chiffre de source externe",""
"MK","Indicateurs macro","796","Îles Turques-et-Caïques","6110","Valeur US$","22008","Produit Intérieur Brut","2017","2017","Millions d’USD","1022.365","X","Chiffre de source externe",""
"MK","Indicateurs macro","796","Îles Turques-et-Caïques","6119","Valeur US$ par habitant","22008","Produit Intérieur Brut","2017","2017","USD","25615.158158","X","Chiffre de source externe",""
"MK","Indicateurs macro","092","Îles Vierges britanniques","6110","Valeur US$","22008","Produit Intérieur Brut","2017","2017","Millions d’USD","1309.7","X","Chiffre de source externe",""
"MK","Indicateurs macro","092","Îles Vierges britanniques","6119","Valeur US$ par habitant","22008","Produit Intérieur Brut","2017","2017","USD","40053.212636","X","Chiffre de source externe",""
"MK","Indicateurs macro","356","Inde","6110","Valeur US$","22008","Produit Intérieur Brut","2017","2017","Millions d’USD","2624329.038245","X","Chiffre de source externe",""
"MK","Indicateurs macro","356","Inde","6119","Valeur US$ par habitant","22008","Produit Intérieur Brut","2017","2017","USD","1930.13993","X","Chiffre de source externe",""
"MK","Indicateurs macro","360","Indonésie","6110","Valeur US$","22008","Produit Intérieur Brut","2017","2017","Millions d’USD","1015618.744168","X","Chiffre de source externe",""
"MK","Indicateurs macro","360","Indonésie","6119","Valeur US$ par habitant","22008","Produit Intérieur Brut","2017","2017","USD","3798.883262","X","Chiffre de source externe",""
"MK","Indicateurs macro","364","Iran (République islamique d')","6110","Valeur US$","22008","Produit Intérieur Brut","2017","2017","Millions d’USD","503710.010469","X","Chiffre de source externe",""
"MK","Indicateurs macro","364","Iran (République islamique d')","6119","Valeur US$ par habitant","22008","Produit Intérieur Brut","2017","2017","USD","5924.135484","X","Chiffre de source externe",""
"MK","Indicateurs macro","368","Iraq","6110","Valeur US$","22008","Produit Intérieur Brut","2017","2017","Millions d’USD","187217.652027","X","Chiffre de source externe",""
"MK","Indicateurs macro","368","Iraq","6119","Valeur US$ par habitant","22008","Produit Intérieur Brut","2017","2017","USD","4759.284379","X","Chiffre de source externe",""
"MK","Indicateurs macro","372","Irlande","6110","Valeur US$","22008","Produit Intérieur Brut","2017","2017","Millions d’USD","348532.394024","X","Chiffre de source externe",""
"MK","Indicateurs macro","372","Irlande","6119","Valeur US$ par habitant","22008","Produit Intérieur Brut","2017","2017","USD","72456.033103","X","Chiffre de source externe",""
"MK","Indicateurs macro","352","Islande","6110","Valeur US$","22008","Produit Intérieur Brut","2017","2017","Millions d’USD","24728.285177","X","Chiffre de source externe",""
"MK","Indicateurs macro","352","Islande","6119","Valeur US$ par habitant","22008","Produit Intérieur Brut","2017","2017","USD","71982.584355","X","Chiffre de source externe",""
"MK","Indicateurs macro","376","Israël","6110","Valeur US$","22008","Produit Intérieur Brut","2017","2017","Millions d’USD","358459.096893","X","Chiffre de source externe",""
"MK","Indicateurs macro","376","Israël","6119","Valeur US$ par habitant","22008","Produit Intérieur Brut","2017","2017","USD","42868.670254","X","Chiffre de source externe",""
"MK","Indicateurs macro","380","Italie","6110","Valeur US$","22008","Produit Intérieur Brut","2017","2017","Millions d’USD","1970720.904585","X","Chiffre de source externe",""
"MK","Indicateurs macro","380","Italie","6119","Valeur US$ par habitant","22008","Produit Intérieur Brut","2017","2017","USD","32633.060561","X","Chiffre de source externe",""
"MK","Indicateurs macro","388","Jamaïque","6110","Valeur US$","22008","Produit Intérieur Brut","2017","2017","Millions d’USD","14808.985267","X","Chiffre de source externe",""
"MK","Indicateurs macro","388","Jamaïque","6119","Valeur US$ par habitant","22008","Produit Intérieur Brut","2017","2017","USD","5259.314309","X","Chiffre de source externe",""
"MK","Indicateurs macro","392","Japon","6110","Valeur US$","22008","Produit Intérieur Brut","2017","2017","Millions d’USD","4930837.369151","X","Chiffre de source externe",""
"MK","Indicateurs macro","392","Japon","6119","Valeur US$ par habitant","22008","Produit Intérieur Brut","2017","2017","USD","38805.724621","X","Chiffre de source externe",""
"MK","Indicateurs macro","400","Jordanie","6110","Valeur US$","22008","Produit Intérieur Brut","2017","2017","Millions d’USD","41608.450704","X","Chiffre de source externe",""
"MK","Indicateurs macro","400","Jordanie","6119","Valeur US$ par habitant","22008","Produit Intérieur Brut","2017","2017","USD","4065.617733","X","Chiffre de source externe",""
"MK","Indicateurs macro","398","Kazakhstan","6110","Valeur US$","22008","Produit Intérieur Brut","2017","2017","Millions d’USD","166805.788967","X","Chiffre de source externe",""
"MK","Indicateurs macro","398","Kazakhstan","6119","Valeur US$ par habitant","22008","Produit Intérieur Brut","2017","2017","USD","8943.084175","X","Chiffre de source externe",""
"MK","Indicateurs macro","404","Kenya","6110","Valeur US$","22008","Produit Intérieur Brut","2017","2017","Millions d’USD","82036.511259","X","Chiffre de source externe",""
"MK","Indicateurs macro","404","Kenya","6119","Valeur US$ par habitant","22008","Produit Intérieur Brut","2017","2017","USD","1667.484497","X","Chiffre de source externe",""
"MK","Indicateurs macro","417","Kirghizistan","6110","Valeur US$","22008","Produit Intérieur Brut","2017","2017","Millions d’USD","7960.704639","X","Chiffre de source externe",""
"MK","Indicateurs macro","417","Kirghizistan","6119","Valeur US$ par habitant","22008","Produit Intérieur Brut","2017","2017","USD","1279.82529","X","Chiffre de source externe",""
"MK","Indicateurs macro","296","Kiribati","6110","Valeur US$","22008","Produit Intérieur Brut","2017","2017","Millions d’USD","222.875712","X","Chiffre de source externe",""
"MK","Indicateurs macro","296","Kiribati","6119","Valeur US$ par habitant","22008","Produit Intérieur Brut","2017","2017","USD","1853.058726","X","Chiffre de source externe",""
"MK","Indicateurs macro","414","Koweït","6110","Valeur US$","22008","Produit Intérieur Brut","2017","2017","Millions d’USD","120687.635293","X","Chiffre de source externe",""
"MK","Indicateurs macro","414","Koweït","6119","Valeur US$ par habitant","22008","Produit Intérieur Brut","2017","2017","USD","29048.568018","X","Chiffre de source externe",""
"MK","Indicateurs macro","426","Lesotho","6110","Valeur US$","22008","Produit Intérieur Brut","2017","2017","Millions d’USD","2306.741605","X","Chiffre de source externe",""
"MK","Indicateurs macro","426","Lesotho","6119","Valeur US$ par habitant","22008","Produit Intérieur Brut","2017","2017","USD","1069.366454","X","Chiffre de source externe",""
"MK","Indicateurs macro","428","Lettonie","6110","Valeur US$","22008","Produit Intérieur Brut","2017","2017","Millions d’USD","29391.059767","X","Chiffre de source externe",""
"MK","Indicateurs macro","428","Lettonie","6119","Valeur US$ par habitant","22008","Produit Intérieur Brut","2017","2017","USD","15129.800549","X","Chiffre de source externe",""
"MK","Indicateurs macro","422","Liban","6110","Valeur US$","22008","Produit Intérieur Brut","2017","2017","Millions d’USD","53030.418664","X","Chiffre de source externe",""
"MK","Indicateurs macro","422","Liban","6119","Valeur US$ par habitant","22008","Produit Intérieur Brut","2017","2017","USD","8608.655318","X","Chiffre de source externe",""
"MK","Indicateurs macro","430","Libéria","6110","Valeur US$","22008","Produit Intérieur Brut","2017","2017","Millions d’USD","3204.391857","X","Chiffre de source externe",""
"MK","Indicateurs macro","430","Libéria","6119","Valeur US$ par habitant","22008","Produit Intérieur Brut","2017","2017","USD","660.845896","X","Chiffre de source externe",""
"MK","Indicateurs macro","434","Libye","6110","Valeur US$","22008","Produit Intérieur Brut","2017","2017","Millions d’USD","67157.45166","X","Chiffre de source externe",""
"MK","Indicateurs macro","434","Libye","6119","Valeur US$ par habitant","22008","Produit Intérieur Brut","2017","2017","USD","9965.833029","X","Chiffre de source externe",""
"MK","Indicateurs macro","438","Liechtenstein","6110","Valeur US$","22008","Produit Intérieur Brut","2017","2017","Millions d’USD","6474.31091","X","Chiffre de source externe",""
"MK","Indicateurs macro","438","Liechtenstein","6119","Valeur US$ par habitant","22008","Produit Intérieur Brut","2017","2017","USD","171049.547813","X","Chiffre de source externe",""
"MK","Indicateurs macro","440","Lituanie","6110","Valeur US$","22008","Produit Intérieur Brut","2017","2017","Millions d’USD","47756.764508","X","Chiffre de source externe",""
"MK","Indicateurs macro","440","Lituanie","6119","Valeur US$ par habitant","22008","Produit Intérieur Brut","2017","2017","USD","16879.282337","X","Chiffre de source externe",""
"MK","Indicateurs macro","442","Luxembourg","6110","Valeur US$","22008","Produit Intérieur Brut","2017","2017","Millions d’USD","65712.180343","X","Chiffre de source externe",""
"MK","Indicateurs macro","442","Luxembourg","6119","Valeur US$ par habitant","22008","Produit Intérieur Brut","2017","2017","USD","110163.748667","X","Chiffre de source externe",""
"MK","Indicateurs macro","807","Macédoine du Nord","6110","Valeur US$","22008","Produit Intérieur Brut","2017","2017","Millions d’USD","11307.06119","X","Chiffre de source externe",""
"MK","Indicateurs macro","807","Macédoine du Nord","6119","Valeur US$ par habitant","22008","Produit Intérieur Brut","2017","2017","USD","5825.743956","X","Chiffre de source externe",""
"MK","Indicateurs macro","450","Madagascar","6110","Valeur US$","22008","Produit Intérieur Brut","2017","2017","Millions d’USD","13176.313594","X","Chiffre de source externe",""
"MK","Indicateurs macro","450","Madagascar","6119","Valeur US$ par habitant","22008","Produit Intérieur Brut","2017","2017","USD","491.866858","X","Chiffre de source externe",""
"MK","Indicateurs macro","458","Malaisie","6110","Valeur US$","22008","Produit Intérieur Brut","2017","2017","Millions d’USD","319109.142308","X","Chiffre de source externe",""
"MK","Indicateurs macro","458","Malaisie","6119","Valeur US$ par habitant","22008","Produit Intérieur Brut","2017","2017","USD","9862.549402","X","Chiffre de source externe",""
"MK","Indicateurs macro","454","Malawi","6110","Valeur US$","22008","Produit Intérieur Brut","2017","2017","Millions d’USD","8943.543794","X","Chiffre de source externe",""
"MK","Indicateurs macro","454","Malawi","6119","Valeur US$ par habitant","22008","Produit Intérieur Brut","2017","2017","USD","495.769683","X","Chiffre de source externe",""
"MK","Indicateurs macro","462","Maldives","6110","Valeur US$","22008","Produit Intérieur Brut","2017","2017","Millions d’USD","4816.426413","X","Chiffre de source externe",""
"MK","Indicateurs macro","462","Maldives","6119","Valeur US$ par habitant","22008","Produit Intérieur Brut","2017","2017","USD","10509.629147","X","Chiffre de source externe",""
"MK","Indicateurs macro","466","Mali","6110","Valeur US$","22008","Produit Intérieur Brut","2017","2017","Millions d’USD","15365.713059","X","Chiffre de source externe",""
"MK","Indicateurs macro","466","Mali","6119","Valeur US$ par habitant","22008","Produit Intérieur Brut","2017","2017","USD","775.536512","X","Chiffre de source externe",""
"MK","Indicateurs macro","470","Malte","6110","Valeur US$","22008","Produit Intérieur Brut","2017","2017","Millions d’USD","14161.344324","X","Chiffre de source externe",""
"MK","Indicateurs macro","470","Malte","6119","Valeur US$ par habitant","22008","Produit Intérieur Brut","2017","2017","USD","30265.588074","X","Chiffre de source externe",""
"MK","Indicateurs macro","504","Maroc","6110","Valeur US$","22008","Produit Intérieur Brut","2017","2017","Millions d’USD","118540.574728","X","Chiffre de source externe",""
"MK","Indicateurs macro","504","Maroc","6119","Valeur US$ par habitant","22008","Produit Intérieur Brut","2017","2017","USD","3344.221176","X","Chiffre de source externe",""
"MK","Indicateurs macro","480","Maurice","6110","Valeur US$","22008","Produit Intérieur Brut","2017","2017","Millions d’USD","13713.505998","X","Chiffre de source externe",""
"MK","Indicateurs macro","480","Maurice","6119","Valeur US$ par habitant","22008","Produit Intérieur Brut","2017","2017","USD","10625.229824","X","Chiffre de source externe",""
"MK","Indicateurs macro","478","Mauritanie","6110","Valeur US$","22008","Produit Intérieur Brut","2017","2017","Millions d’USD","6800.135962","X","Chiffre de source externe",""
"MK","Indicateurs macro","478","Mauritanie","6119","Valeur US$ par habitant","22008","Produit Intérieur Brut","2017","2017","USD","1615.00422","X","Chiffre de source externe",""
"MK","Indicateurs macro","484","Mexique","6110","Valeur US$","22008","Produit Intérieur Brut","2017","2017","Millions d’USD","1190721.496877","X","Chiffre de source externe",""
"MK","Indicateurs macro","484","Mexique","6119","Valeur US$ par habitant","22008","Produit Intérieur Brut","2017","2017","USD","9649.278299","X","Chiffre de source externe",""
"MK","Indicateurs macro","583","Micronésie (États fédérés de)","6110","Valeur US$","22008","Produit Intérieur Brut","2017","2017","Millions d’USD","359","X","Chiffre de source externe",""
"MK","Indicateurs macro","583","Micronésie (États fédérés de)","6119","Valeur US$ par habitant","22008","Produit Intérieur Brut","2017","2017","USD","3279.092815","X","Chiffre de source externe",""
"MK","Indicateurs macro","492","Monaco","6110","Valeur US$","22008","Produit Intérieur Brut","2017","2017","Millions d’USD","6430.258225","X","Chiffre de source externe",""
"MK","Indicateurs macro","492","Monaco","6119","Valeur US$ par habitant","22008","Produit Intérieur Brut","2017","2017","USD","170663.470051","X","Chiffre de source externe",""
"MK","Indicateurs macro","496","Mongolie","6110","Valeur US$","22008","Produit Intérieur Brut","2017","2017","Millions d’USD","11480.843409","X","Chiffre de source externe",""
"MK","Indicateurs macro","496","Mongolie","6119","Valeur US$ par habitant","22008","Produit Intérieur Brut","2017","2017","USD","3698.291634","X","Chiffre de source externe",""
"MK","Indicateurs macro","499","Monténégro","6110","Valeur US$","22008","Produit Intérieur Brut","2017","2017","Millions d’USD","4856.602179","X","Chiffre de source externe",""
"MK","Indicateurs macro","499","Monténégro","6119","Valeur US$ par habitant","22008","Produit Intérieur Brut","2017","2017","USD","7831.795597","X","Chiffre de source externe",""
"MK","Indicateurs macro","500","Montserrat","6110","Valeur US$","22008","Produit Intérieur Brut","2017","2017","Millions d’USD","59.666667","X","Chiffre de source externe",""
"MK","Indicateurs macro","500","Montserrat","6119","Valeur US$ par habitant","22008","Produit Intérieur Brut","2017","2017","USD","12963.968858","X","Chiffre de source externe",""
"MK","Indicateurs macro","508","Mozambique","6110","Valeur US$","22008","Produit Intérieur Brut","2017","2017","Millions d’USD","13264.640664","X","Chiffre de source externe",""
"MK","Indicateurs macro","508","Mozambique","6119","Valeur US$ par habitant","22008","Produit Intérieur Brut","2017","2017","USD","470.938555","X","Chiffre de source externe",""
"MK","Indicateurs macro","104","Myanmar","6110","Valeur US$","22008","Produit Intérieur Brut","2017","2017","Millions d’USD","64500.994404","X","Chiffre de source externe",""
"MK","Indicateurs macro","104","Myanmar","6119","Valeur US$ par habitant","22008","Produit Intérieur Brut","2017","2017","USD","1242.914953","X","Chiffre de source externe",""
"MK","Indicateurs macro","516","Namibie","6110","Valeur US$","22008","Produit Intérieur Brut","2017","2017","Millions d’USD","12887.501268","X","Chiffre de source externe",""
"MK","Indicateurs macro","516","Namibie","6119","Valeur US$ par habitant","22008","Produit Intérieur Brut","2017","2017","USD","5140.908249","X","Chiffre de source externe",""
"MK","Indicateurs macro","520","Nauru","6110","Valeur US$","22008","Produit Intérieur Brut","2017","2017","Millions d’USD","128.477571","X","Chiffre de source externe",""
"MK","Indicateurs macro","520","Nauru","6119","Valeur US$ par habitant","22008","Produit Intérieur Brut","2017","2017","USD","11345.59967","X","Chiffre de source externe",""
"MK","Indicateurs macro","524","Népal","6110","Valeur US$","22008","Produit Intérieur Brut","2017","2017","Millions d’USD","29443.014953","X","Chiffre de source externe",""
"MK","Indicateurs macro","524","Népal","6119","Valeur US$ par habitant","22008","Produit Intérieur Brut","2017","2017","USD","1051.113626","X","Chiffre de source externe",""
"MK","Indicateurs macro","558","Nicaragua","6110","Valeur US$","22008","Produit Intérieur Brut","2017","2017","Millions d’USD","13785.892849","X","Chiffre de source externe",""
"MK","Indicateurs macro","558","Nicaragua","6119","Valeur US$ par habitant","22008","Produit Intérieur Brut","2017","2017","USD","2182.613612","X","Chiffre de source externe",""
"MK","Indicateurs macro","562","Niger","6110","Valeur US$","22008","Produit Intérieur Brut","2017","2017","Millions d’USD","11185.105961","X","Chiffre de source externe",""
"MK","Indicateurs macro","562","Niger","6119","Valeur US$ par habitant","22008","Produit Intérieur Brut","2017","2017","USD","521.804198","X","Chiffre de source externe",""
"MK","Indicateurs macro","566","Nigéria","6110","Valeur US$","22008","Produit Intérieur Brut","2017","2017","Millions d’USD","375744.658045","X","Chiffre de source externe",""
"MK","Indicateurs macro","566","Nigéria","6119","Valeur US$ par habitant","22008","Produit Intérieur Brut","2017","2017","USD","1876.334918","X","Chiffre de source externe",""
"MK","Indicateurs macro","578","Norvège","6110","Valeur US$","22008","Produit Intérieur Brut","2017","2017","Millions d’USD","401745.275035","X","Chiffre de source externe",""
"MK","Indicateurs macro","578","Norvège","6119","Valeur US$ par habitant","22008","Produit Intérieur Brut","2017","2017","USD","76134.226179","X","Chiffre de source externe",""
"MK","Indicateurs macro","540","Nouvelle-Calédonie","6110","Valeur US$","22008","Produit Intérieur Brut","2017","2017","Millions d’USD","9173.26293","X","Chiffre de source externe",""
"MK","Indicateurs macro","540","Nouvelle-Calédonie","6119","Valeur US$ par habitant","22008","Produit Intérieur Brut","2017","2017","USD","32351.939121","X","Chiffre de source externe",""
"MK","Indicateurs macro","554","Nouvelle-Zélande","6110","Valeur US$","22008","Produit Intérieur Brut","2017","2017","Millions d’USD","206567.627258","X","Chiffre de source externe",""
"MK","Indicateurs macro","554","Nouvelle-Zélande","6119","Valeur US$ par habitant","22008","Produit Intérieur Brut","2017","2017","USD","42920.900291","X","Chiffre de source externe",""
"MK","Indicateurs macro","512","Oman","6110","Valeur US$","22008","Produit Intérieur Brut","2017","2017","Millions d’USD","80856.575503","X","Chiffre de source externe",""
"MK","Indicateurs macro","512","Oman","6119","Valeur US$ par habitant","22008","Produit Intérieur Brut","2017","2017","USD","17820.037438","X","Chiffre de source externe",""
"MK","Indicateurs macro","800","Ouganda","6110","Valeur US$","22008","Produit Intérieur Brut","2017","2017","Millions d’USD","31593.34937","X","Chiffre de source externe",""
"MK","Indicateurs macro","800","Ouganda","6119","Valeur US$ par habitant","22008","Produit Intérieur Brut","2017","2017","USD","786.346523","X","Chiffre de source externe",""
"MK","Indicateurs macro","860","Ouzbékistan","6110","Valeur US$","22008","Produit Intérieur Brut","2017","2017","Millions d’USD","62081.322741","X","Chiffre de source externe",""
"MK","Indicateurs macro","860","Ouzbékistan","6119","Valeur US$ par habitant","22008","Produit Intérieur Brut","2017","2017","USD","1951.066232","X","Chiffre de source externe",""
"MK","Indicateurs macro","586","Pakistan","6110","Valeur US$","22008","Produit Intérieur Brut","2017","2017","Millions d’USD","337136.829493","X","Chiffre de source externe",""
"MK","Indicateurs macro","586","Pakistan","6119","Valeur US$ par habitant","22008","Produit Intérieur Brut","2017","2017","USD","1509.969269","X","Chiffre de source externe",""
"MK","Indicateurs macro","585","Palaos","6110","Valeur US$","22008","Produit Intérieur Brut","2017","2017","Millions d’USD","285.623531","X","Chiffre de source externe",""
"MK","Indicateurs macro","585","Palaos","6119","Valeur US$ par habitant","22008","Produit Intérieur Brut","2017","2017","USD","16035.455367","X","Chiffre de source externe",""
"MK","Indicateurs macro","275","Palestine","6110","Valeur US$","22008","Produit Intérieur Brut","2017","2017","Millions d’USD","16128","X","Chiffre de source externe",""
"MK","Indicateurs macro","275","Palestine","6119","Valeur US$ par habitant","22008","Produit Intérieur Brut","2017","2017","USD","3400.564125","X","Chiffre de source externe",""
"MK","Indicateurs macro","591","Panama","6110","Valeur US$","22008","Produit Intérieur Brut","2017","2017","Millions d’USD","64258.858362","X","Chiffre de source externe",""
"MK","Indicateurs macro","591","Panama","6119","Valeur US$ par habitant","22008","Produit Intérieur Brut","2017","2017","USD","15677.836538","X","Chiffre de source externe",""
"MK","Indicateurs macro","598","Papouasie-Nouvelle-Guinée","6110","Valeur US$","22008","Produit Intérieur Brut","2017","2017","Millions d’USD","22742.696403","X","Chiffre de source externe",""
"MK","Indicateurs macro","598","Papouasie-Nouvelle-Guinée","6119","Valeur US$ par habitant","22008","Produit Intérieur Brut","2017","2017","USD","2477.765012","X","Chiffre de source externe",""
"MK","Indicateurs macro","600","Paraguay","6110","Valeur US$","22008","Produit Intérieur Brut","2017","2017","Millions d’USD","38997.129809","X","Chiffre de source externe",""
"MK","Indicateurs macro","600","Paraguay","6119","Valeur US$ par habitant","22008","Produit Intérieur Brut","2017","2017","USD","6152.266683","X","Chiffre de source externe",""
"MK","Indicateurs macro","528","Pays-Bas (Royaume des)","6110","Valeur US$","22008","Produit Intérieur Brut","2017","2017","Millions d’USD","848233.537846","X","Chiffre de source externe",""
"MK","Indicateurs macro","528","Pays-Bas (Royaume des)","6119","Valeur US$ par habitant","22008","Produit Intérieur Brut","2017","2017","USD","48987.318079","X","Chiffre de source externe",""
"MK","Indicateurs macro","604","Pérou","6110","Valeur US$","22008","Produit Intérieur Brut","2017","2017","Millions d’USD","211007.952316","X","Chiffre de source externe",""
"MK","Indicateurs macro","604","Pérou","6119","Valeur US$ par habitant","22008","Produit Intérieur Brut","2017","2017","USD","6736.166031","X","Chiffre de source externe",""
"MK","Indicateurs macro","608","Philippines","6110","Valeur US$","22008","Produit Intérieur Brut","2017","2017","Millions d’USD","328480.738148","X","Chiffre de source externe",""
"MK","Indicateurs macro","608","Philippines","6119","Valeur US$ par habitant","22008","Produit Intérieur Brut","2017","2017","USD","3038.121248","X","Chiffre de source externe",""
"MK","Indicateurs macro","616","Pologne","6110","Valeur US$","22008","Produit Intérieur Brut","2017","2017","Millions d’USD","528356.676663","X","Chiffre de source externe",""
"MK","Indicateurs macro","616","Pologne","6119","Valeur US$ par habitant","22008","Produit Intérieur Brut","2017","2017","USD","13811.456015","X","Chiffre de source externe",""
"MK","Indicateurs macro","258","Polynésie française","6110","Valeur US$","22008","Produit Intérieur Brut","2017","2017","Millions d’USD","5833.352684","X","Chiffre de source externe",""
"MK","Indicateurs macro","258","Polynésie française","6119","Valeur US$ par habitant","22008","Produit Intérieur Brut","2017","2017","USD","20826.968399","X","Chiffre de source externe",""
"MK","Indicateurs macro","630","Porto Rico","6110","Valeur US$","22008","Produit Intérieur Brut","2017","2017","Millions d’USD","103445.5","X","Chiffre de source externe",""
"MK","Indicateurs macro","630","Porto Rico","6119","Valeur US$ par habitant","22008","Produit Intérieur Brut","2017","2017","USD","30678.938578","X","Chiffre de source externe",""
"MK","Indicateurs macro","620","Portugal","6110","Valeur US$","22008","Produit Intérieur Brut","2017","2017","Millions d’USD","220862.990767","X","Chiffre de source externe",""
"MK","Indicateurs macro","620","Portugal","6119","Valeur US$ par habitant","22008","Produit Intérieur Brut","2017","2017","USD","21378.988083","X","Chiffre de source externe",""
"MK","Indicateurs macro","634","Qatar","6110","Valeur US$","22008","Produit Intérieur Brut","2017","2017","Millions d’USD","161099.122215","X","Chiffre de source externe",""
"MK","Indicateurs macro","634","Qatar","6119","Valeur US$ par habitant","22008","Produit Intérieur Brut","2017","2017","USD","59518.438242","X","Chiffre de source externe",""
"MK","Indicateurs macro","760","République arabe syrienne","6110","Valeur US$","22008","Produit Intérieur Brut","2017","2017","Millions d’USD","17476.177955","X","Chiffre de source externe",""
"MK","Indicateurs macro","760","République arabe syrienne","6119","Valeur US$ par habitant","22008","Produit Intérieur Brut","2017","2017","USD","909.049662","X","Chiffre de source externe",""
"MK","Indicateurs macro","140","République centrafricaine","6110","Valeur US$","22008","Produit Intérieur Brut","2017","2017","Millions d’USD","2072.349974","X","Chiffre de source externe",""
"MK","Indicateurs macro","140","République centrafricaine","6119","Valeur US$ par habitant","22008","Produit Intérieur Brut","2017","2017","USD","432.324071","X","Chiffre de source externe",""
"MK","Indicateurs macro","410","République de Corée","6110","Valeur US$","22008","Produit Intérieur Brut","2017","2017","Millions d’USD","1710196.70631","X","Chiffre de source externe",""
"MK","Indicateurs macro","410","République de Corée","6119","Valeur US$ par habitant","22008","Produit Intérieur Brut","2017","2017","USD","33216.558312","X","Chiffre de source externe",""
"MK","Indicateurs macro","498","République de Moldova","6110","Valeur US$","22008","Produit Intérieur Brut","2017","2017","Millions d’USD","9514.404073","X","Chiffre de source externe",""
"MK","Indicateurs macro","498","République de Moldova","6119","Valeur US$ par habitant","22008","Produit Intérieur Brut","2017","2017","USD","2979.305314","X","Chiffre de source externe",""
"MK","Indicateurs macro","180","République démocratique du Congo","6110","Valeur US$","22008","Produit Intérieur Brut","2017","2017","Millions d’USD","37642.464497","X","Chiffre de source externe",""
"MK","Indicateurs macro","180","République démocratique du Congo","6119","Valeur US$ par habitant","22008","Produit Intérieur Brut","2017","2017","USD","432.257645","X","Chiffre de source externe",""
"MK","Indicateurs macro","418","République démocratique populaire lao","6110","Valeur US$","22008","Produit Intérieur Brut","2017","2017","Millions d’USD","17064.939423","X","Chiffre de source externe",""
"MK","Indicateurs macro","418","République démocratique populaire lao","6119","Valeur US$ par habitant","22008","Produit Intérieur Brut","2017","2017","USD","2431.544883","X","Chiffre de source externe",""
"MK","Indicateurs macro","214","République dominicaine","6110","Valeur US$","22008","Produit Intérieur Brut","2017","2017","Millions d’USD","79998.045976","X","Chiffre de source externe",""
"MK","Indicateurs macro","214","République dominicaine","6119","Valeur US$ par habitant","22008","Produit Intérieur Brut","2017","2017","USD","7499.692831","X","Chiffre de source externe",""
"MK","Indicateurs macro","408","République populaire démocratique de Corée","6110","Valeur US$","22008","Produit Intérieur Brut","2017","2017","Millions d’USD","17364.724931","X","Chiffre de source externe",""
"MK","Indicateurs macro","408","République populaire démocratique de Corée","6119","Valeur US$ par habitant","22008","Produit Intérieur Brut","2017","2017","USD","672.589704","X","Chiffre de source externe",""
"MK","Indicateurs macro","834","République-Unie de Tanzanie","6110","Valeur US$","22008","Produit Intérieur Brut","2017","2017","Millions d’USD","54727.208191","X","Chiffre de source externe",""
"MK","Indicateurs macro","834","République-Unie de Tanzanie","6119","Valeur US$ par habitant","22008","Produit Intérieur Brut","2017","2017","USD","983.366869","X","Chiffre de source externe",""
"MK","Indicateurs macro","642","Roumanie","6110","Valeur US$","22008","Produit Intérieur Brut","2017","2017","Millions d’USD","210147.403141","X","Chiffre de source externe",""
"MK","Indicateurs macro","642","Roumanie","6119","Valeur US$ par habitant","22008","Produit Intérieur Brut","2017","2017","USD","10673.122956","X","Chiffre de source externe",""
"MK","Indicateurs macro","826","Royaume-Uni de Grande-Bretagne et d'Irlande du Nord","6110","Valeur US$","22008","Produit Intérieur Brut","2017","2017","Millions d’USD","2680237.447689","X","Chiffre de source externe",""
"MK","Indicateurs macro","826","Royaume-Uni de Grande-Bretagne et d'Irlande du Nord","6119","Valeur US$ par habitant","22008","Produit Intérieur Brut","2017","2017","USD","40392.718189","X","Chiffre de source externe",""
"MK","Indicateurs macro","646","Rwanda","6110","Valeur US$","22008","Produit Intérieur Brut","2017","2017","Millions d’USD","9252.552277","X","Chiffre de source externe",""
"MK","Indicateurs macro","646","Rwanda","6119","Valeur US$ par habitant","22008","Produit Intérieur Brut","2017","2017","USD","758.277856","X","Chiffre de source externe",""
"MK","Indicateurs macro","662","Sainte-Lucie","6110","Valeur US$","22008","Produit Intérieur Brut","2017","2017","Millions d’USD","1998.503704","X","Chiffre de source externe",""
"MK","Indicateurs macro","662","Sainte-Lucie","6119","Valeur US$ par habitant","22008","Produit Intérieur Brut","2017","2017","USD","11333.112382","X","Chiffre de source externe",""
"MK","Indicateurs macro","659","Saint-Kitts-et-Nevis","6110","Valeur US$","22008","Produit Intérieur Brut","2017","2017","Millions d’USD","1056.977778","X","Chiffre de source externe",""
"MK","Indicateurs macro","659","Saint-Kitts-et-Nevis","6119","Valeur US$ par habitant","22008","Produit Intérieur Brut","2017","2017","USD","22464.751231","X","Chiffre de source externe",""
"MK","Indicateurs macro","674","Saint-Marin","6110","Valeur US$","22008","Produit Intérieur Brut","2017","2017","Millions d’USD","1528.621195","X","Chiffre de source externe",""
"MK","Indicateurs macro","674","Saint-Marin","6119","Valeur US$ par habitant","22008","Produit Intérieur Brut","2017","2017","USD","44465.099632","X","Chiffre de source externe",""
"MK","Indicateurs macro","670","Saint-Vincent-et-les Grenadines","6110","Valeur US$","22008","Produit Intérieur Brut","2017","2017","Millions d’USD","844.038889","X","Chiffre de source externe",""
"MK","Indicateurs macro","670","Saint-Vincent-et-les Grenadines","6119","Valeur US$ par habitant","22008","Produit Intérieur Brut","2017","2017","USD","7988.026924","X","Chiffre de source externe",""
"MK","Indicateurs macro","882","Samoa","6110","Valeur US$","22008","Produit Intérieur Brut","2017","2017","Millions d’USD","881.694105","X","Chiffre de source externe",""
"MK","Indicateurs macro","882","Samoa","6119","Valeur US$ par habitant","22008","Produit Intérieur Brut","2017","2017","USD","4292.268096","X","Chiffre de source externe",""
"MK","Indicateurs macro","678","Sao Tomé-et-Principe","6110","Valeur US$","22008","Produit Intérieur Brut","2017","2017","Millions d’USD","378.598871","X","Chiffre de source externe",""
"MK","Indicateurs macro","678","Sao Tomé-et-Principe","6119","Valeur US$ par habitant","22008","Produit Intérieur Brut","2017","2017","USD","1829.240742","X","Chiffre de source externe",""
"MK","Indicateurs macro","686","Sénégal","6110","Valeur US$","22008","Produit Intérieur Brut","2017","2017","Millions d’USD","20996.569847","X","Chiffre de source externe",""
"MK","Indicateurs macro","686","Sénégal","6119","Valeur US$ par habitant","22008","Produit Intérieur Brut","2017","2017","USD","1356.805674","X","Chiffre de source externe",""
"MK","Indicateurs macro","688","Serbie","6110","Valeur US$","22008","Produit Intérieur Brut","2017","2017","Millions d’USD","44179.109187","X","Chiffre de source externe",""
"MK","Indicateurs macro","688","Serbie","6119","Valeur US$ par habitant","22008","Produit Intérieur Brut","2017","2017","USD","6245.7155","X","Chiffre de source externe",""
"MK","Indicateurs macro","690","Seychelles","6110","Valeur US$","22008","Produit Intérieur Brut","2017","2017","Millions d’USD","1675.429754","X","Chiffre de source externe",""
"MK","Indicateurs macro","690","Seychelles","6119","Valeur US$ par habitant","22008","Produit Intérieur Brut","2017","2017","USD","14902.445185","X","Chiffre de source externe",""
"MK","Indicateurs macro","694","Sierra Leone","6110","Valeur US$","22008","Produit Intérieur Brut","2017","2017","Millions d’USD","5202.570559","X","Chiffre de source externe",""
"MK","Indicateurs macro","694","Sierra Leone","6119","Valeur US$ par habitant","22008","Produit Intérieur Brut","2017","2017","USD","705.022328","X","Chiffre de source externe",""
"MK","Indicateurs macro","702","Singapour","6110","Valeur US$","22008","Produit Intérieur Brut","2017","2017","Millions d’USD","343257.164582","X","Chiffre de source externe",""
"MK","Indicateurs macro","702","Singapour","6119","Valeur US$ par habitant","22008","Produit Intérieur Brut","2017","2017","USD","61251.312697","X","Chiffre de source externe",""
"MK","Indicateurs macro","534","Sint Maarten (partie néerlandaise)","6110","Valeur US$","22008","Produit Intérieur Brut","2017","2017","Millions d’USD","1289.329609","X","Chiffre de source externe",""
"MK","Indicateurs macro","534","Sint Maarten (partie néerlandaise)","6119","Valeur US$ par habitant","22008","Produit Intérieur Brut","2017","2017","USD","33062.700728","X","Chiffre de source externe",""
"MK","Indicateurs macro","703","Slovaquie","6110","Valeur US$","22008","Produit Intérieur Brut","2017","2017","Millions d’USD","95978.130735","X","Chiffre de source externe",""
"MK","Indicateurs macro","703","Slovaquie","6119","Valeur US$ par habitant","22008","Produit Intérieur Brut","2017","2017","USD","17656.99393","X","Chiffre de source externe",""
"MK","Indicateurs macro","705","Slovénie","6110","Valeur US$","22008","Produit Intérieur Brut","2017","2017","Millions d’USD","48153.200135","X","Chiffre de source externe",""
"MK","Indicateurs macro","705","Slovénie","6119","Valeur US$ par habitant","22008","Produit Intérieur Brut","2017","2017","USD","23348.024949","X","Chiffre de source externe",""
"MK","Indicateurs macro","706","Somalie","6110","Valeur US$","22008","Produit Intérieur Brut","2017","2017","Millions d’USD","8252","X","Chiffre de source externe",""
"MK","Indicateurs macro","706","Somalie","6119","Valeur US$ par habitant","22008","Produit Intérieur Brut","2017","2017","USD","553.208082","X","Chiffre de source externe",""
"MK","Indicateurs macro","729","Soudan","6110","Valeur US$","22008","Produit Intérieur Brut","2017","2017","Millions d’USD","122072.729884","X","Chiffre de source externe",""
"MK","Indicateurs macro","729","Soudan","6119","Valeur US$ par habitant","22008","Produit Intérieur Brut","2017","2017","USD","2857.888607","X","Chiffre de source externe",""
"MK","Indicateurs macro","728","Soudan du Sud","6110","Valeur US$","22008","Produit Intérieur Brut","2017","2017","Millions d’USD","3571.367606","X","Chiffre de source externe",""
"MK","Indicateurs macro","728","Soudan du Sud","6119","Valeur US$ par habitant","22008","Produit Intérieur Brut","2017","2017","USD","348.115233","X","Chiffre de source externe",""
"MK","Indicateurs macro","144","Sri Lanka","6110","Valeur US$","22008","Produit Intérieur Brut","2017","2017","Millions d’USD","94376.237832","X","Chiffre de source externe",""
"MK","Indicateurs macro","144","Sri Lanka","6119","Valeur US$ par habitant","22008","Produit Intérieur Brut","2017","2017","USD","4272.830507","X","Chiffre de source externe",""
"MK","Indicateurs macro","752","Suède","6110","Valeur US$","22008","Produit Intérieur Brut","2017","2017","Millions d’USD","536083.940229","X","Chiffre de source externe",""
"MK","Indicateurs macro","752","Suède","6119","Valeur US$ par habitant","22008","Produit Intérieur Brut","2017","2017","USD","53299.992273","X","Chiffre de source externe",""
"MK","Indicateurs macro","756","Suisse","6110","Valeur US$","22008","Produit Intérieur Brut","2017","2017","Millions d’USD","695200.833086","X","Chiffre de source externe",""
"MK","Indicateurs macro","756","Suisse","6119","Valeur US$ par habitant","22008","Produit Intérieur Brut","2017","2017","USD","82236.979565","X","Chiffre de source externe",""
"MK","Indicateurs macro","740","Suriname","6110","Valeur US$","22008","Produit Intérieur Brut","2017","2017","Millions d’USD","3591.679371","X","Chiffre de source externe",""
"MK","Indicateurs macro","740","Suriname","6119","Valeur US$ par habitant","22008","Produit Intérieur Brut","2017","2017","USD","6049.521185","X","Chiffre de source externe",""
"MK","Indicateurs macro","762","Tadjikistan","6110","Valeur US$","22008","Produit Intérieur Brut","2017","2017","Millions d’USD","7536.403147","X","Chiffre de source externe",""
"MK","Indicateurs macro","762","Tadjikistan","6119","Valeur US$ par habitant","22008","Produit Intérieur Brut","2017","2017","USD","829.45718","X","Chiffre de source externe",""
"MK","Indicateurs macro","148","Tchad","6110","Valeur US$","22008","Produit Intérieur Brut","2017","2017","Millions d’USD","13349.041418","X","Chiffre de source externe",""
"MK","Indicateurs macro","148","Tchad","6119","Valeur US$ par habitant","22008","Produit Intérieur Brut","2017","2017","USD","854.461201","X","Chiffre de source externe",""
"MK","Indicateurs macro","203","Tchéquie","6110","Valeur US$","22008","Produit Intérieur Brut","2017","2017","Millions d’USD","221563.575696","X","Chiffre de source externe",""
"MK","Indicateurs macro","203","Tchéquie","6119","Valeur US$ par habitant","22008","Produit Intérieur Brut","2017","2017","USD","21018.536938","X","Chiffre de source externe",""
"MK","Indicateurs macro","764","Thaïlande","6110","Valeur US$","22008","Produit Intérieur Brut","2017","2017","Millions d’USD","456356.812775","X","Chiffre de source externe",""
"MK","Indicateurs macro","764","Thaïlande","6119","Valeur US$ par habitant","22008","Produit Intérieur Brut","2017","2017","USD","6413.091815","X","Chiffre de source externe",""
"MK","Indicateurs macro","626","Timor-Leste","6110","Valeur US$","22008","Produit Intérieur Brut","2017","2017","Millions d’USD","1598.208363","X","Chiffre de source externe",""
"MK","Indicateurs macro","626","Timor-Leste","6119","Valeur US$ par habitant","22008","Produit Intérieur Brut","2017","2017","USD","1276.827141","X","Chiffre de source externe",""
"MK","Indicateurs macro","768","Togo","6110","Valeur US$","22008","Produit Intérieur Brut","2017","2017","Millions d’USD","6387.424244","X","Chiffre de source externe",""
"MK","Indicateurs macro","768","Togo","6119","Valeur US$ par habitant","22008","Produit Intérieur Brut","2017","2017","USD","792.765751","X","Chiffre de source externe",""
"MK","Indicateurs macro","776","Tonga","6110","Valeur US$","22008","Produit Intérieur Brut","2017","2017","Millions d’USD","460.925653","X","Chiffre de source externe",""
"MK","Indicateurs macro","776","Tonga","6119","Valeur US$ par habitant","22008","Produit Intérieur Brut","2017","2017","USD","4374.955778","X","Chiffre de source externe",""
"MK","Indicateurs macro","780","Trinité-et-Tobago","6110","Valeur US$","22008","Produit Intérieur Brut","2017","2017","Millions d’USD","23847.765526","X","Chiffre de source externe",""
"MK","Indicateurs macro","780","Trinité-et-Tobago","6119","Valeur US$ par habitant","22008","Produit Intérieur Brut","2017","2017","USD","16500.669274","X","Chiffre de source externe",""
"MK","Indicateurs macro","788","Tunisie","6110","Valeur US$","22008","Produit Intérieur Brut","2017","2017","Millions d’USD","42163.530591","X","Chiffre de source externe",""
"MK","Indicateurs macro","788","Tunisie","6119","Valeur US$ par habitant","22008","Produit Intérieur Brut","2017","2017","USD","3619.032318","X","Chiffre de source externe",""
"MK","Indicateurs macro","792","Türkiye","6110","Valeur US$","22008","Produit Intérieur Brut","2017","2017","Millions d’USD","858988.505412","X","Chiffre de source externe",""
"MK","Indicateurs macro","792","Türkiye","6119","Valeur US$ par habitant","22008","Produit Intérieur Brut","2017","2017","USD","10338.837802","X","Chiffre de source externe",""
"MK","Indicateurs macro","795","Turkménistan","6110","Valeur US$","22008","Produit Intérieur Brut","2017","2017","Millions d’USD","37926.285714","X","Chiffre de source externe",""
"MK","Indicateurs macro","795","Turkménistan","6119","Valeur US$ par habitant","22008","Produit Intérieur Brut","2017","2017","USD","5828.481662","X","Chiffre de source externe",""
"MK","Indicateurs macro","798","Tuvalu","6110","Valeur US$","22008","Produit Intérieur Brut","2017","2017","Millions d’USD","45.295753","X","Chiffre de source externe",""
"MK","Indicateurs macro","798","Tuvalu","6119","Valeur US$ par habitant","22008","Produit Intérieur Brut","2017","2017","USD","4167.426013","X","Chiffre de source externe",""
"MK","Indicateurs macro","804","Ukraine","6110","Valeur US$","22008","Produit Intérieur Brut","2017","2017","Millions d’USD","112090.503817","X","Chiffre de source externe",""
"MK","Indicateurs macro","804","Ukraine","6119","Valeur US$ par habitant","22008","Produit Intérieur Brut","2017","2017","USD","2466.995366","X","Chiffre de source externe",""
"MK","Indicateurs macro","858","Uruguay","6110","Valeur US$","22008","Produit Intérieur Brut","2017","2017","Millions d’USD","65006.032835","X","Chiffre de source externe",""
"MK","Indicateurs macro","858","Uruguay","6119","Valeur US$ par habitant","22008","Produit Intérieur Brut","2017","2017","USD","19184.663384","X","Chiffre de source externe",""
"MK","Indicateurs macro","548","Vanuatu","6110","Valeur US$","22008","Produit Intérieur Brut","2017","2017","Millions d’USD","880.043282","X","Chiffre de source externe",""
"MK","Indicateurs macro","548","Vanuatu","6119","Valeur US$ par habitant","22008","Produit Intérieur Brut","2017","2017","USD","3159.860548","X","Chiffre de source externe",""
"MK","Indicateurs macro","862","Venezuela (République bolivarienne du)","6110","Valeur US$","22008","Produit Intérieur Brut","2017","2017","Millions d’USD","247051.064483","X","Chiffre de source externe",""
"MK","Indicateurs macro","862","Venezuela (République bolivarienne du)","6119","Valeur US$ par habitant","22008","Produit Intérieur Brut","2017","2017","USD","8082.723694","X","Chiffre de source externe",""
"MK","Indicateurs macro","704","Viet Nam","6110","Valeur US$","22008","Produit Intérieur Brut","2017","2017","Millions d’USD","281353.606166","X","Chiffre de source externe",""
"MK","Indicateurs macro","704","Viet Nam","6119","Valeur US$ par habitant","22008","Produit Intérieur Brut","2017","2017","USD","2956.109923","X","Chiffre de source externe",""
"MK","Indicateurs macro","887","Yémen","6110","Valeur US$","22008","Produit Intérieur Brut","2017","2017","Millions d’USD","18391.649816","X","Chiffre de source externe",""
"MK","Indicateurs macro","887","Yémen","6119","Valeur US$ par habitant","22008","Produit Intérieur Brut","2017","2017","USD","555.791407","X","Chiffre de source externe",""
"MK","Indicateurs macro","894","Zambie","6110","Valeur US$","22008","Produit Intérieur Brut","2017","2017","Millions d’USD","25900.709341","X","Chiffre de source externe",""
"MK","Indicateurs macro","894","Zambie","6119","Valeur US$ par habitant","22008","Produit Intérieur Brut","2017","2017","USD","1485.020061","X","Chiffre de source externe",""
"MK","Indicateurs macro","716","Zimbabwe","6110","Valeur US$","22008","Produit Intérieur Brut","2017","2017","Millions d’USD","22040.654699","X","Chiffre de source externe",""
"MK","Indicateurs macro","716","Zimbabwe","6119","Valeur US$ par habitant","22008","Produit Intérieur Brut","2017","2017","USD","1487.978497","X","Chiffre de source externe",""
